#  T(t-2),T(t-1),T(t),D(t-2),D(t-1),D(t),P(t+1)
23.40,24.30,23.90,4630.10,4522.80,4413.10,15.17
24.30,23.90,23.30,4522.80,4413.10,4262.30,14.56
23.90,23.30,23.00,4413.10,4262.30,4164.10,14.73
23.30,23.00,22.50,4262.30,4164.10,4094.80,15.14
23.00,22.50,22.80,4164.10,4094.80,4085.70,14.59
22.50,22.80,23.10,4094.80,4085.70,4020.40,14.32
22.80,23.10,23.50,4085.70,4020.40,3984.70,12.67
23.10,23.50,23.20,4020.40,3984.70,3979.40,13.71
23.50,23.20,22.90,3984.70,3979.40,3962.20,10.60
23.20,22.90,22.50,3979.40,3962.20,3998.40,10.25
22.90,22.50,23.10,3962.20,3998.40,4098.00,13.81
22.50,23.10,24.60,3998.40,4098.00,4229.30,14.83
23.10,24.60,25.60,4098.00,4229.30,4397.10,15.08
24.60,25.60,26.40,4229.30,4397.10,4573.60,16.11
25.60,26.40,27.00,4397.10,4573.60,4743.70,16.81
26.40,27.00,28.20,4573.60,4743.70,4889.30,17.10
27.00,28.20,28.80,4743.70,4889.30,4952.40,17.74
28.20,28.80,29.40,4889.30,4952.40,5078.40,18.36
28.80,29.40,29.50,4952.40,5078.40,5163.70,18.88
29.40,29.50,29.30,5078.40,5163.70,5216.40,20.27
29.50,29.30,28.80,5163.70,5216.40,5266.50,22.43
29.30,28.80,29.60,5216.40,5266.50,5321.70,22.67
28.80,29.60,30.10,5266.50,5321.70,5333.30,21.76
29.60,30.10,29.70,5321.70,5333.30,5343.70,22.01
30.10,29.70,29.50,5333.30,5343.70,5323.00,23.74
29.70,29.50,29.50,5343.70,5323.00,5337.30,24.78
29.50,29.50,29.90,5323.00,5337.30,5351.50,24.64
29.50,29.90,29.80,5337.30,5351.50,5328.60,24.97
29.90,29.80,29.50,5351.50,5328.60,5296.60,25.10
29.80,29.50,29.20,5328.60,5296.60,5324.10,27.48
29.50,29.20,29.50,5296.60,5324.10,5379.80,27.95
29.20,29.50,29.40,5324.10,5379.80,5394.10,29.30
29.50,29.40,29.00,5379.80,5394.10,5475.40,30.33
29.40,29.00,28.20,5394.10,5475.40,5532.60,25.58
29.00,28.20,28.20,5475.40,5532.60,5491.30,25.36
28.20,28.20,27.70,5532.60,5491.30,5584.70,27.46
28.20,27.70,27.70,5491.30,5584.70,5684.00,29.36
27.70,27.70,27.60,5584.70,5684.00,5679.10,26.05
27.70,27.60,27.40,5684.00,5679.10,5554.90,23.25
27.60,27.40,26.70,5679.10,5554.90,5483.90,24.16
27.40,26.70,27.10,5554.90,5483.90,5421.90,19.12
26.70,27.10,26.90,5483.90,5421.90,5285.10,19.24
27.10,26.90,26.60,5421.90,5285.10,5254.90,17.93
26.90,26.60,26.50,5285.10,5254.90,5152.00,19.74
26.60,26.50,25.90,5254.90,5152.00,5124.30,18.18
26.50,25.90,25.60,5152.00,5124.30,4865.40,16.88
25.90,25.60,25.30,5124.30,4865.40,4669.30,15.28
25.60,25.30,25.50,4865.40,4669.30,4525.70,15.93
25.30,25.50,24.70,4669.30,4525.70,4467.00,14.95
25.50,24.70,24.40,4525.70,4467.00,4355.90,14.56
24.70,24.40,24.50,4467.00,4355.90,4281.00,13.75
24.40,24.50,25.50,4355.90,4281.00,4240.40,13.78
24.50,25.50,25.80,4281.00,4240.40,4206.60,13.99
25.50,25.80,25.10,4240.40,4206.60,4204.40,14.45
25.80,25.10,24.70,4206.60,4204.40,4212.70,14.18
25.10,24.70,24.40,4204.40,4212.70,4227.20,15.01
24.70,24.40,23.50,4212.70,4227.20,4326.10,15.54
24.40,23.50,24.10,4227.20,4326.10,4478.70,16.82
23.50,24.10,24.80,4326.10,4478.70,4749.40,17.51
24.10,24.80,25.30,4478.70,4749.40,5091.00,17.79
24.80,25.30,26.90,4749.40,5091.00,5455.10,18.70
25.30,26.90,27.40,5091.00,5455.10,5775.30,23.98
26.90,27.40,28.20,5455.10,5775.30,6086.00,24.67
27.40,28.20,28.70,5775.30,6086.00,6248.80,25.62
28.20,28.70,28.80,6086.00,6248.80,6394.90,27.08
28.70,28.80,29.30,6248.80,6394.90,6457.10,26.81
28.80,29.30,29.50,6394.90,6457.10,6486.00,25.58
29.30,29.50,29.30,6457.10,6486.00,6474.20,26.04
29.50,29.30,29.30,6486.00,6474.20,6535.10,26.27
29.30,29.30,29.80,6474.20,6535.10,6550.70,26.96
29.30,29.80,30.00,6535.10,6550.70,6548.80,28.64
29.80,30.00,30.60,6550.70,6548.80,6584.30,29.17
30.00,30.60,30.70,6548.80,6584.30,6584.50,28.53
30.60,30.70,30.80,6584.30,6584.50,6607.80,27.48
30.70,30.80,30.60,6584.50,6607.80,6560.80,32.14
30.80,30.60,30.60,6607.80,6560.80,6599.60,40.30
30.60,30.60,30.30,6560.80,6599.60,6661.90,40.15
30.60,30.30,30.50,6599.60,6661.90,6700.70,43.92
30.30,30.50,30.50,6661.90,6700.70,6672.20,38.42
30.50,30.50,30.40,6700.70,6672.20,6656.30,29.49
30.50,30.40,30.00,6672.20,6656.30,6576.80,28.03
30.40,30.00,29.00,6656.30,6576.80,6461.10,25.92
30.00,29.00,29.10,6576.80,6461.10,6288.20,25.80
29.00,29.10,28.20,6461.10,6288.20,6320.90,27.13
29.10,28.20,27.90,6288.20,6320.90,6446.40,26.70
28.20,27.90,27.70,6320.90,6446.40,6466.50,23.05
27.90,27.70,27.50,6446.40,6466.50,6330.30,18.39
27.70,27.50,27.00,6466.50,6330.30,6182.50,20.12
27.50,27.00,25.90,6330.30,6182.50,6082.70,17.94
27.00,25.90,26.00,6182.50,6082.70,5918.50,24.94
25.90,26.00,26.20,6082.70,5918.50,5781.30,20.91
26.00,26.20,26.80,5918.50,5781.30,5592.60,24.50
26.20,26.80,26.50,5781.30,5592.60,5577.30,22.34
26.80,26.50,26.70,5592.60,5577.30,5266.10,20.84
26.50,26.70,27.40,5577.30,5266.10,5001.50,18.85
26.70,27.40,26.90,5266.10,5001.50,4901.30,17.57
27.40,26.90,25.80,5001.50,4901.30,4757.30,16.55
26.90,25.80,25.70,4901.30,4757.30,4604.10,16.17
25.80,25.70,24.90,4757.30,4604.10,4507.40,15.19
25.70,24.90,24.90,4604.10,4507.40,4533.50,16.18
24.90,24.90,25.00,4507.40,4533.50,4467.00,16.72
24.90,25.00,24.70,4533.50,4467.00,4492.60,17.21
25.00,24.70,24.70,4467.00,4492.60,4494.80,15.61
24.70,24.70,24.50,4492.60,4494.80,4484.00,15.66
24.70,24.50,24.30,4494.80,4484.00,4553.10,16.56
24.50,24.30,24.20,4484.00,4553.10,4646.10,17.93
24.30,24.20,24.20,4553.10,4646.10,4953.80,17.85
24.20,24.20,24.60,4646.10,4953.80,5205.20,17.56
24.20,24.60,24.90,4953.80,5205.20,5565.50,18.01
24.60,24.90,25.50,5205.20,5565.50,5856.00,23.43
24.90,25.50,26.30,5565.50,5856.00,6126.30,23.56
25.50,26.30,28.00,5856.00,6126.30,6253.20,23.51
26.30,28.00,28.90,6126.30,6253.20,6301.30,24.13
28.00,28.90,29.80,6253.20,6301.30,6405.50,24.80
28.90,29.80,30.20,6301.30,6405.50,6406.20,25.05
29.80,30.20,30.70,6405.50,6406.20,6437.50,25.04
30.20,30.70,30.50,6406.20,6437.50,6429.80,25.09
30.70,30.50,30.70,6437.50,6429.80,6450.70,25.13
30.50,30.70,30.40,6429.80,6450.70,6468.80,24.90
30.70,30.40,30.00,6450.70,6468.80,6434.90,25.04
30.40,30.00,30.30,6468.80,6434.90,6438.70,25.12
30.00,30.30,30.20,6434.90,6438.70,6462.20,25.09
30.30,30.20,30.90,6438.70,6462.20,6401.80,25.02
30.20,30.90,30.60,6462.20,6401.80,6390.50,24.83
30.90,30.60,30.30,6401.80,6390.50,6397.50,24.54
30.60,30.30,30.60,6390.50,6397.50,6361.80,24.51
30.30,30.60,30.50,6397.50,6361.80,6352.00,24.41
30.60,30.50,28.80,6361.80,6352.00,6299.90,22.39
30.50,28.80,28.50,6352.00,6299.90,6264.00,21.00
28.80,28.50,28.50,6299.90,6264.00,6216.30,17.72
28.50,28.50,27.80,6264.00,6216.30,6080.10,17.94
28.50,27.80,27.20,6216.30,6080.10,6075.60,19.00
27.80,27.20,27.40,6080.10,6075.60,6184.00,19.25
27.20,27.40,26.80,6075.60,6184.00,6159.80,17.85
27.40,26.80,26.90,6184.00,6159.80,5964.40,17.54
26.80,26.90,26.80,6159.80,5964.40,5866.60,17.48
26.90,26.80,26.90,5964.40,5866.60,5701.70,17.53
26.80,26.90,26.70,5866.60,5701.70,5560.70,21.23
26.90,26.70,26.80,5701.70,5560.70,5435.60,17.71
26.70,26.80,26.50,5560.70,5435.60,5301.80,22.00
26.80,26.50,27.00,5435.60,5301.80,5278.50,19.94
26.50,27.00,26.70,5301.80,5278.50,5026.80,18.97
27.00,26.70,26.70,5278.50,5026.80,4790.00,17.10
26.70,26.70,26.60,5026.80,4790.00,4658.90,15.70
26.70,26.60,26.10,4790.00,4658.90,4505.20,14.94
26.60,26.10,26.00,4658.90,4505.20,4393.80,14.85
26.10,26.00,26.00,4505.20,4393.80,4332.90,14.54
26.00,26.00,25.40,4393.80,4332.90,4277.60,14.19
26.00,25.40,25.40,4332.90,4277.60,4281.00,14.18
25.40,25.40,25.00,4277.60,4281.00,4239.30,14.57
25.40,25.00,24.80,4281.00,4239.30,4268.90,14.97
25.00,24.80,24.00,4239.30,4268.90,4298.00,15.40
24.80,24.00,24.20,4268.90,4298.00,4394.80,15.48
24.00,24.20,24.10,4298.00,4394.80,4509.20,17.10
24.20,24.10,24.30,4394.80,4509.20,4780.50,17.76
24.10,24.30,24.50,4509.20,4780.50,5061.10,17.42
24.30,24.50,24.30,4780.50,5061.10,5377.90,18.25
24.50,24.30,24.50,5061.10,5377.90,5653.70,20.42
24.30,24.50,25.20,5377.90,5653.70,5888.70,19.70
24.50,25.20,25.50,5653.70,5888.70,5963.20,20.51
25.20,25.50,25.50,5888.70,5963.20,6128.40,19.73
25.50,25.50,24.10,5963.20,6128.40,6123.40,21.14
25.50,24.10,23.80,6128.40,6123.40,6147.10,22.41
24.10,23.80,23.70,6123.40,6147.10,6116.90,21.73
23.80,23.70,23.70,6147.10,6116.90,6148.10,22.71
23.70,23.70,24.00,6116.90,6148.10,6168.30,23.61
23.70,24.00,24.30,6148.10,6168.30,6189.30,23.76
24.00,24.30,24.50,6168.30,6189.30,6190.30,24.54
24.30,24.50,25.00,6189.30,6190.30,6200.50,25.10
24.50,25.00,25.60,6190.30,6200.50,6177.20,23.98
25.00,25.60,25.60,6200.50,6177.20,6132.80,25.11
25.60,25.60,25.40,6177.20,6132.80,6175.00,25.21
25.60,25.40,26.30,6132.80,6175.00,6194.70,25.15
25.40,26.30,26.30,6175.00,6194.70,6135.10,25.39
26.30,26.30,26.10,6194.70,6135.10,6111.60,26.29
26.30,26.10,26.20,6135.10,6111.60,6156.80,21.71
26.10,26.20,26.10,6111.60,6156.80,6014.90,19.33
26.20,26.10,25.90,6156.80,6014.90,5917.40,18.23
26.10,25.90,25.90,6014.90,5917.40,5746.80,18.33
25.90,25.90,26.00,5917.40,5746.80,5780.60,19.83
25.90,26.00,26.00,5746.80,5780.60,5898.10,21.17
26.00,26.00,25.90,5780.60,5898.10,5857.70,19.64
26.00,25.90,25.90,5898.10,5857.70,5691.00,18.01
25.90,25.90,25.80,5857.70,5691.00,5590.30,20.06
25.90,25.80,25.90,5691.00,5590.30,5592.90,18.51
25.80,25.90,25.80,5590.30,5592.90,5457.20,27.46
25.90,25.80,25.40,5592.90,5457.20,5394.90,26.91
25.80,25.40,26.00,5457.20,5394.90,5355.60,32.74
25.40,26.00,25.70,5394.90,5355.60,5352.50,27.15
26.00,25.70,25.70,5355.60,5352.50,5062.50,23.31
25.70,25.70,25.50,5352.50,5062.50,4820.70,22.97
25.70,25.50,25.30,5062.50,4820.70,4657.60,21.83
25.50,25.30,24.80,4820.70,4657.60,4513.20,17.73
25.30,24.80,24.60,4657.60,4513.20,4400.00,16.43
24.80,24.60,24.60,4513.20,4400.00,4330.00,16.94
24.60,24.60,24.00,4400.00,4330.00,4270.60,17.07
24.60,24.00,25.00,4330.00,4270.60,4280.30,17.03
24.00,25.00,25.00,4270.60,4280.30,4279.20,15.84
25.00,25.00,24.90,4280.30,4279.20,4223.80,14.95
25.00,24.90,24.60,4279.20,4223.80,4220.40,16.79
24.90,24.60,25.20,4223.80,4220.40,4248.70,17.19
24.60,25.20,24.80,4220.40,4248.70,4244.40,17.21
25.20,24.80,26.70,4248.70,4244.40,4380.40,18.10
24.80,26.70,27.00,4244.40,4380.40,4571.60,18.70
26.70,27.00,27.90,4380.40,4571.60,4789.80,22.51
27.00,27.90,28.20,4571.60,4789.80,5036.10,29.14
27.90,28.20,29.00,4789.80,5036.10,5231.30,30.62
28.20,29.00,29.10,5036.10,5231.30,5371.40,34.03
29.00,29.10,29.60,5231.30,5371.40,5507.80,33.00
29.10,29.60,29.50,5371.40,5507.80,5604.80,33.40
29.60,29.50,29.70,5507.80,5604.80,5574.50,32.03
29.50,29.70,29.90,5604.80,5574.50,5624.20,29.22
29.70,29.90,30.10,5574.50,5624.20,5586.30,30.00
29.90,30.10,29.70,5624.20,5586.30,5587.10,29.81
30.10,29.70,30.20,5586.30,5587.10,5544.50,30.95
29.70,30.20,30.20,5587.10,5544.50,5542.20,30.94
30.20,30.20,30.30,5544.50,5542.20,5528.90,30.35
30.20,30.30,29.80,5542.20,5528.90,5524.80,30.29
30.30,29.80,29.10,5528.90,5524.80,5486.20,30.32
29.80,29.10,30.00,5524.80,5486.20,5511.60,29.80
29.10,30.00,29.90,5486.20,5511.60,5484.20,33.18
30.00,29.90,29.30,5511.60,5484.20,5528.60,30.73
29.90,29.30,28.20,5484.20,5528.60,5521.60,30.03
29.30,28.20,27.90,5528.60,5521.60,5495.60,30.37
28.20,27.90,27.40,5521.60,5495.60,5564.00,28.51
27.90,27.40,26.40,5495.60,5564.00,5641.70,29.99
27.40,26.40,26.10,5564.00,5641.70,5600.40,28.08
26.40,26.10,26.10,5641.70,5600.40,5676.30,29.26
26.10,26.10,26.00,5600.40,5676.30,5720.40,32.06
26.10,26.00,25.90,5676.30,5720.40,5687.40,27.42
26.00,25.90,26.20,5720.40,5687.40,5531.10,27.08
25.90,26.20,25.90,5687.40,5531.10,5436.00,26.56
26.20,25.90,25.50,5531.10,5436.00,5399.00,22.56
25.90,25.50,24.90,5436.00,5399.00,5302.60,24.62
25.50,24.90,24.70,5399.00,5302.60,5208.90,23.06
24.90,24.70,24.20,5302.60,5208.90,5182.80,24.96
24.70,24.20,24.10,5208.90,5182.80,5171.40,23.23
24.20,24.10,24.40,5182.80,5171.40,4928.90,21.11
24.10,24.40,23.90,5171.40,4928.90,4663.20,19.54
24.40,23.90,23.40,4928.90,4663.20,4554.60,20.18
23.90,23.40,23.40,4663.20,4554.60,4430.50,17.24
23.40,23.40,23.70,4554.60,4430.50,4303.90,17.23
23.40,23.70,23.10,4430.50,4303.90,4213.00,17.47
23.70,23.10,23.00,4303.90,4213.00,4219.60,17.26
23.10,23.00,22.90,4213.00,4219.60,4191.80,17.17
23.00,22.90,22.80,4219.60,4191.80,4117.20,17.18
22.90,22.80,22.70,4191.80,4117.20,4114.90,17.17
22.80,22.70,23.20,4117.20,4114.90,4109.20,17.19
22.70,23.20,23.90,4114.90,4109.20,4128.80,17.20
23.20,23.90,25.20,4109.20,4128.80,4138.00,16.71
23.90,25.20,26.50,4128.80,4138.00,4245.80,17.76
25.20,26.50,27.30,4138.00,4245.80,4404.80,17.37
26.50,27.30,28.10,4245.80,4404.80,4579.40,18.42
27.30,28.10,28.50,4404.80,4579.40,4763.80,24.42
28.10,28.50,29.00,4579.40,4763.80,4969.30,26.03
28.50,29.00,30.10,4763.80,4969.30,5098.90,26.55
29.00,30.10,29.40,4969.30,5098.90,5188.20,25.81
30.10,29.40,29.90,5098.90,5188.20,5263.40,26.35
29.40,29.90,29.70,5188.20,5263.40,5303.00,29.46
29.90,29.70,29.50,5263.40,5303.00,5318.70,30.85
29.70,29.50,29.90,5303.00,5318.70,5336.00,31.17
29.50,29.90,29.70,5318.70,5336.00,5398.70,32.12
29.90,29.70,30.10,5336.00,5398.70,5369.50,28.99
29.70,30.10,30.60,5398.70,5369.50,5392.30,29.31
30.10,30.60,30.50,5369.50,5392.30,5377.30,32.99
30.60,30.50,30.80,5392.30,5377.30,5385.10,33.43
30.50,30.80,30.10,5377.30,5385.10,5388.60,33.44
30.80,30.10,30.00,5385.10,5388.60,5383.20,33.43
30.10,30.00,29.10,5388.60,5383.20,5391.90,33.54
30.00,29.10,28.80,5383.20,5391.90,5382.20,32.46
29.10,28.80,28.10,5391.90,5382.20,5398.90,33.55
28.80,28.10,27.90,5382.20,5398.90,5398.30,34.48
28.10,27.90,27.70,5398.90,5398.30,5498.80,34.46
27.90,27.70,27.00,5398.30,5498.80,5509.00,32.17
27.70,27.00,27.40,5498.80,5509.00,5564.20,33.15
27.00,27.40,26.80,5509.00,5564.20,5679.10,35.90
27.40,26.80,26.50,5564.20,5679.10,5804.30,36.43
26.80,26.50,26.10,5679.10,5804.30,5858.20,33.59
26.50,26.10,25.60,5804.30,5858.20,5750.00,31.57
26.10,25.60,25.30,5858.20,5750.00,5591.00,30.48
25.60,25.30,25.90,5750.00,5591.00,5534.70,26.48
25.30,25.90,25.70,5591.00,5534.70,5386.60,27.92
25.90,25.70,25.80,5534.70,5386.60,5320.90,25.52
25.70,25.80,25.90,5386.60,5320.90,5244.70,25.64
25.80,25.90,25.90,5320.90,5244.70,5166.60,24.55
25.90,25.90,25.00,5244.70,5166.60,4936.10,21.87
25.90,25.00,24.60,5166.60,4936.10,4697.40,19.95
25.00,24.60,24.10,4936.10,4697.40,4613.50,21.87
24.60,24.10,23.90,4697.40,4613.50,4539.20,18.90
24.10,23.90,24.60,4613.50,4539.20,4423.60,17.78
23.90,24.60,24.60,4539.20,4423.60,4366.50,17.58
24.60,24.60,24.20,4423.60,4366.50,4317.10,17.35
24.60,24.20,23.60,4366.50,4317.10,4301.40,17.30
24.20,23.60,23.50,4317.10,4301.40,4297.50,17.77
23.60,23.50,23.50,4301.40,4297.50,4294.00,18.40
23.50,23.50,24.30,4297.50,4294.00,4401.10,24.10
23.50,24.30,24.50,4294.00,4401.10,4478.20,25.18
24.30,24.50,25.20,4401.10,4478.20,4631.80,22.78
24.50,25.20,25.80,4478.20,4631.80,4882.10,27.46
25.20,25.80,26.70,4631.80,4882.10,5196.50,21.61
25.80,26.70,27.90,4882.10,5196.50,5557.20,26.11
26.70,27.90,28.70,5196.50,5557.20,5868.60,32.66
27.90,28.70,29.60,5557.20,5868.60,6123.40,32.94
28.70,29.60,29.30,5868.60,6123.40,6261.00,33.39
29.60,29.30,30.00,6123.40,6261.00,6367.50,33.29
29.30,30.00,29.10,6261.00,6367.50,6351.40,34.64
30.00,29.10,29.80,6367.50,6351.40,6379.90,36.39
29.10,29.80,29.70,6351.40,6379.90,6409.80,32.21
29.80,29.70,30.10,6379.90,6409.80,6445.10,32.83
29.70,30.10,29.60,6409.80,6445.10,6462.30,41.79
30.10,29.60,29.90,6445.10,6462.30,6492.80,44.32
29.60,29.90,30.10,6462.30,6492.80,6528.30,44.95
29.00,28.60,28.40,6503.60,6467.90,6443.90,49.60
28.60,28.40,28.10,6467.90,6443.90,6451.30,41.53
28.40,28.10,27.40,6443.90,6451.30,6389.30,33.55
28.10,27.40,27.30,6451.30,6389.30,6218.00,28.99
27.40,27.30,26.80,6389.30,6218.00,6074.30,26.37
27.30,26.80,26.70,6218.00,6074.30,6078.20,25.60
26.80,26.70,26.20,6074.30,6078.20,6231.20,25.27
26.70,26.20,26.30,6078.20,6231.20,6178.00,24.18
26.20,26.30,25.50,6231.20,6178.00,5989.30,21.06
26.30,25.50,26.10,6178.00,5989.30,5875.80,19.33
25.50,26.10,25.70,5989.30,5875.80,5809.00,18.33
26.10,25.70,26.00,5875.80,5809.00,5605.10,34.47
25.70,26.00,26.10,5809.00,5605.10,5535.00,31.10
26.00,26.10,25.70,5605.10,5535.00,5402.30,31.07
26.10,25.70,25.30,5535.00,5402.30,5393.60,29.53
25.70,25.30,25.30,5402.30,5393.60,5135.30,26.69
25.30,25.30,25.70,5393.60,5135.30,4843.20,23.49
25.30,25.70,25.50,5135.30,4843.20,4675.40,25.36
25.70,25.50,24.40,4843.20,4675.40,4575.70,21.85
25.50,24.40,24.50,4675.40,4575.70,4452.80,17.69
24.40,24.50,24.30,4575.70,4452.80,4359.80,17.52
24.50,24.30,24.00,4452.80,4359.80,4318.40,17.75
24.30,24.00,23.80,4359.80,4318.40,4332.20,17.64
24.00,23.80,23.80,4318.40,4332.20,4316.30,17.79
23.80,23.80,23.70,4332.20,4316.30,4329.40,17.48
23.80,23.70,24.10,4316.30,4329.40,4409.40,18.83
23.70,24.10,25.10,4329.40,4409.40,4485.00,21.13
24.10,25.10,26.60,4409.40,4485.00,4623.30,20.81
25.10,26.60,27.50,4485.00,4623.30,4896.50,24.41
26.60,27.50,27.80,4623.30,4896.50,5216.90,19.00
27.50,27.80,28.80,4896.50,5216.90,5554.20,22.79
27.80,28.80,29.40,5216.90,5554.20,5856.10,29.30
28.80,29.40,29.40,5554.20,5856.10,6095.00,33.15
29.40,29.40,30.40,5856.10,6095.00,6342.40,33.17
29.40,30.40,29.80,6095.00,6342.40,6452.50,32.83
30.40,29.80,30.70,6342.40,6452.50,6545.10,31.51
29.80,30.70,30.50,6452.50,6545.10,6585.90,35.13
30.70,31.00,30.10,6589.30,6658.90,6694.10,48.79
28.80,28.50,28.30,6818.00,6729.50,6705.40,32.89
28.50,28.30,28.00,6729.50,6705.40,6589.00,30.16
28.30,28.00,27.70,6705.40,6589.00,6445.20,31.81
28.00,27.70,27.40,6589.00,6445.20,6480.30,31.86
27.70,27.40,27.40,6445.20,6480.30,6538.20,31.98
27.40,27.40,27.00,6480.30,6538.20,6517.30,30.42
27.40,27.00,27.20,6538.20,6517.30,6344.40,26.34
27.00,27.20,26.80,6517.30,6344.40,6183.60,25.08
27.20,26.80,26.60,6344.40,6183.60,6066.30,25.63
26.80,26.60,26.60,6183.60,6066.30,5862.20,41.14
26.60,26.60,26.40,6066.30,5862.20,5769.70,38.13
26.60,26.40,26.60,5862.20,5769.70,5606.70,42.96
26.40,26.60,26.30,5769.70,5606.70,5507.10,32.48
26.60,26.30,26.20,5606.70,5507.10,5230.40,27.17
26.30,26.20,26.20,5507.10,5230.40,4947.50,26.43
26.20,26.20,26.00,5230.40,4947.50,4812.20,27.44
26.20,26.00,26.30,4947.50,4812.20,4689.60,28.46
26.00,26.30,26.30,4812.20,4689.60,4620.60,25.12
26.30,26.30,26.10,4689.60,4620.60,4518.70,24.52
26.30,26.10,26.40,4620.60,4518.70,4499.20,19.36
26.10,26.40,26.40,4518.70,4499.20,4444.10,18.36
26.40,26.40,26.10,4499.20,4444.10,4431.90,19.35
26.40,26.10,25.90,4444.10,4431.90,4407.20,23.58
26.10,25.90,26.10,4431.90,4407.20,4444.30,26.41
25.90,26.10,26.40,4407.20,4444.30,4501.30,27.13
26.10,26.40,26.50,4444.30,4501.30,4647.80,25.86
26.40,26.50,27.80,4501.30,4647.80,4969.10,33.41
26.50,27.80,28.60,4647.80,4969.10,5264.10,22.93
27.80,28.60,29.30,4969.10,5264.10,5575.80,28.35
28.60,29.30,30.70,5264.10,5575.80,5852.20,30.92
29.30,30.70,30.50,5575.80,5852.20,6102.40,30.21
30.70,30.50,31.30,5852.20,6102.40,6252.30,30.55
30.50,31.30,31.80,6102.40,6252.30,6334.00,32.00
31.30,31.80,31.20,6252.30,6334.00,6409.40,32.16
31.80,31.20,31.60,6334.00,6409.40,6406.30,34.15
31.20,31.60,31.80,6409.40,6406.30,6432.60,32.23
31.60,31.80,31.50,6406.30,6432.60,6447.70,32.82
31.80,31.50,31.80,6432.60,6447.70,6466.80,35.22
31.50,31.80,31.80,6447.70,6466.80,6533.40,36.24
31.80,31.80,32.30,6466.80,6533.40,6544.00,37.52
31.80,32.30,31.70,6533.40,6544.00,6596.80,34.85
32.30,31.70,30.90,6544.00,6596.80,6544.10,31.83
31.70,30.90,30.80,6596.80,6544.10,6466.70,36.19
30.90,30.80,29.40,6544.10,6466.70,6543.40,40.06
30.80,29.40,28.80,6466.70,6543.40,6625.10,33.40
29.40,28.80,28.50,6543.40,6625.10,6569.50,28.97
28.80,28.50,28.20,6625.10,6569.50,6502.50,30.34
28.50,28.20,27.80,6569.50,6502.50,6474.60,26.17
28.20,27.80,27.40,6502.50,6474.60,6398.70,25.25
27.80,27.40,27.30,6474.60,6398.70,6272.50,20.53
27.40,27.30,26.80,6398.70,6272.50,6085.30,19.46
27.30,26.80,26.30,6272.50,6085.30,6090.20,20.21
26.80,26.30,25.90,6085.30,6090.20,6196.00,22.74
26.30,25.90,25.80,6090.20,6196.00,6196.20,23.42
25.90,25.80,25.80,6196.00,6196.20,6029.80,24.34
25.80,25.80,25.80,6196.20,6029.80,5950.70,24.06
25.80,25.80,25.40,6029.80,5950.70,5841.20,20.39
25.80,25.40,25.00,5950.70,5841.20,5679.70,30.70
25.40,25.00,25.50,5841.20,5679.70,5552.10,24.50
25.00,25.50,25.40,5679.70,5552.10,5344.10,27.94
25.50,25.40,25.70,5552.10,5344.10,5327.10,26.13
25.40,25.70,24.60,5344.10,5327.10,5063.90,22.73
25.70,24.60,24.20,5327.10,5063.90,4797.30,22.14
24.60,24.20,23.70,5063.90,4797.30,4688.10,20.57
24.20,23.70,24.70,4797.30,4688.10,4566.50,17.33
23.70,24.70,23.90,4688.10,4566.50,4426.30,17.65
24.70,23.90,23.50,4566.50,4426.30,4386.20,16.96
23.90,23.50,23.60,4426.30,4386.20,4261.20,15.66
23.50,23.60,23.50,4386.20,4261.20,4260.20,15.91
23.60,23.50,23.80,4261.20,4260.20,4265.30,17.18
23.50,23.80,23.70,4260.20,4265.30,4309.40,17.65
23.80,23.70,24.60,4265.30,4309.40,4299.80,17.87
23.70,24.60,25.30,4309.40,4299.80,4414.20,18.73
24.60,25.30,26.60,4299.80,4414.20,4562.10,21.75
25.30,26.60,27.80,4414.20,4562.10,4859.70,23.65
26.60,27.80,28.40,4562.10,4859.70,5175.10,18.80
27.80,28.40,29.40,4859.70,5175.10,5494.80,21.64
28.40,29.40,29.60,5175.10,5494.80,5776.80,26.49
29.40,29.60,31.00,5494.80,5776.80,5999.20,26.99
29.60,31.00,31.00,5776.80,5999.20,6127.90,27.33
31.00,31.00,30.70,5999.20,6127.90,6131.30,28.76
31.00,30.70,31.20,6127.90,6131.30,6205.00,30.34
30.70,31.20,30.70,6131.30,6205.00,6181.80,34.80
31.20,30.70,30.40,6205.00,6181.80,6200.50,28.04
30.70,30.40,30.50,6181.80,6200.50,6324.10,32.46
30.40,30.50,29.70,6200.50,6324.10,6306.10,39.76
30.50,29.70,29.50,6324.10,6306.10,6350.10,39.08
29.70,29.50,29.50,6306.10,6350.10,6293.10,38.67
29.50,29.50,29.00,6350.10,6293.10,6337.70,39.14
29.50,29.00,28.60,6293.10,6337.70,6346.50,40.35
29.00,28.60,28.70,6337.70,6346.50,6413.80,39.28
28.60,28.70,28.50,6346.50,6413.80,6384.20,39.56
28.70,28.50,28.50,6413.80,6384.20,6403.30,39.63
28.50,28.50,28.40,6384.20,6403.30,6386.20,38.79
28.50,28.40,28.30,6403.30,6386.20,6348.60,38.46
28.40,28.30,27.70,6386.20,6348.60,6359.60,29.57
28.30,27.70,27.30,6348.60,6359.60,6249.70,28.54
27.70,27.30,27.20,6359.60,6249.70,6173.90,24.86
27.30,27.20,27.30,6249.70,6173.90,6064.50,25.05
27.20,27.30,27.20,6173.90,6064.50,6101.40,25.17
27.30,27.20,27.20,6064.50,6101.40,6247.40,29.31
27.20,27.20,26.80,6101.40,6247.40,6224.60,24.55
27.20,26.80,27.10,6247.40,6224.60,6046.10,25.19
26.80,27.10,26.80,6224.60,6046.10,5938.80,28.73
27.10,26.80,26.60,6046.10,5938.80,5802.70,26.51
26.80,26.60,26.50,5938.80,5802.70,5642.50,37.24
26.60,26.50,26.30,5802.70,5642.50,5552.10,34.40
26.50,26.30,25.90,5642.50,5552.10,5449.10,37.30
26.30,25.90,25.90,5552.10,5449.10,5382.10,30.00
25.90,25.90,25.80,5449.10,5382.10,5104.70,24.01
25.90,25.80,26.00,5382.10,5104.70,4825.40,22.12
25.80,26.00,25.60,5104.70,4825.40,4689.20,22.90
26.00,25.60,24.90,4825.40,4689.20,4537.90,23.68
25.60,24.90,25.00,4689.20,4537.90,4477.40,23.80
24.90,25.00,25.00,4537.90,4477.40,4414.40,19.78
25.00,25.00,25.50,4477.40,4414.40,4355.20,18.22
25.00,25.50,25.70,4414.40,4355.20,4306.80,18.18
25.50,25.70,26.00,4355.20,4306.80,4315.50,18.64
25.70,26.00,26.00,4306.80,4315.50,4331.80,20.55
26.00,26.00,26.20,4315.50,4331.80,4407.20,24.79
26.00,26.20,26.20,4331.80,4407.20,4503.30,23.93
26.20,26.20,25.70,4407.20,4503.30,4611.80,27.60
26.20,25.70,26.20,4503.30,4611.80,4896.50,30.69
25.70,26.20,27.20,4611.80,4896.50,5199.80,22.34
26.20,27.20,27.10,4896.50,5199.80,5529.80,25.73
27.20,27.10,27.60,5199.80,5529.80,5818.00,33.80
27.10,27.60,28.10,5529.80,5818.00,6048.00,36.64
27.60,28.10,28.60,5818.00,6048.00,6251.40,39.45
28.10,28.60,28.70,6048.00,6251.40,6351.30,39.49
28.60,28.70,28.20,6251.40,6351.30,6364.80,39.88
28.70,28.20,28.30,6351.30,6364.80,6400.30,42.88
28.20,28.30,27.60,6364.80,6400.30,6401.50,47.67
28.30,27.60,24.80,6400.30,6401.50,6428.40,49.03
25.30,26.50,27.30,6456.40,6517.90,6539.00,49.26
26.50,27.30,28.50,6517.90,6539.00,6545.20,48.29
27.30,28.50,27.20,6539.00,6545.20,6542.20,45.08
28.50,27.20,26.30,6545.20,6542.20,6536.40,43.56
27.20,26.30,25.80,6542.20,6536.40,6495.30,41.22
26.30,25.80,25.50,6536.40,6495.30,6442.90,36.04
25.80,25.50,25.30,6495.30,6442.90,6437.20,33.90
25.50,25.30,25.20,6442.90,6437.20,6396.70,26.34
25.30,25.20,25.30,6437.20,6396.70,6272.40,25.01
25.20,25.30,24.50,6396.70,6272.40,6166.20,23.93
25.30,24.50,24.70,6272.40,6166.20,5989.40,24.92
24.50,24.70,24.50,6166.20,5989.40,6041.80,25.10
24.70,24.50,24.20,5989.40,6041.80,6149.50,24.95
24.50,24.20,24.10,6041.80,6149.50,6091.60,23.15
24.20,24.10,24.60,6149.50,6091.60,5941.00,21.82
24.10,24.60,24.30,6091.60,5941.00,5821.00,24.10
24.60,24.30,24.10,5941.00,5821.00,5774.30,22.19
24.30,24.10,24.10,5821.00,5774.30,5658.50,43.47
24.10,24.10,24.20,5774.30,5658.50,5581.90,37.97
24.10,24.20,24.60,5658.50,5581.90,5496.00,42.93
24.20,24.60,24.20,5581.90,5496.00,5470.30,37.54
24.60,24.20,24.00,5496.00,5470.30,5189.90,32.45
24.20,24.00,23.70,5470.30,5189.90,4919.00,25.23
24.00,23.70,23.50,5189.90,4919.00,4820.30,23.65
23.70,23.50,23.40,4919.00,4820.30,4684.90,20.83
23.50,23.40,23.00,4820.30,4684.90,4550.50,17.83
23.40,23.00,23.10,4684.90,4550.50,4490.60,17.94
23.00,23.10,23.00,4550.50,4490.60,4440.50,17.83
23.10,23.00,23.10,4490.60,4440.50,4409.40,17.98
23.00,23.10,23.10,4440.50,4409.40,4382.80,18.22
23.10,23.10,23.70,4409.40,4382.80,4391.30,18.11
23.10,23.70,24.20,4382.80,4391.30,4412.30,18.00
23.70,24.20,25.30,4391.30,4412.30,4445.60,18.99
24.20,25.30,25.50,4412.30,4445.60,4488.60,19.00
25.30,25.50,25.50,4445.60,4488.60,4592.60,19.61
25.50,25.50,26.00,4488.60,4592.60,4834.80,21.55
25.50,26.00,26.80,4592.60,4834.80,5098.70,26.31
26.00,26.80,26.70,4834.80,5098.70,5371.10,33.97
26.80,26.70,26.30,5098.70,5371.10,5623.30,38.89
26.70,26.30,25.70,5371.10,5623.30,5827.20,41.74
26.30,25.70,25.60,5623.30,5827.20,5952.40,41.06
25.70,25.60,26.20,5827.20,5952.40,5994.60,41.51
26.20,25.70,26.50,5994.60,6071.60,6100.90,42.74
24.20,24.30,24.30,6142.10,6079.00,6056.00,48.96
22.30,22.20,22.40,6195.40,6027.80,5959.90,38.25
22.20,22.40,22.50,6027.80,5959.90,5862.40,29.43
22.40,22.50,22.70,5959.90,5862.40,5701.30,26.05
22.50,22.70,22.40,5862.40,5701.30,5547.10,23.79
22.70,22.40,22.30,5701.30,5547.10,5430.30,25.01
22.40,22.30,22.30,5547.10,5430.30,5317.50,21.61
22.30,22.30,22.30,5430.30,5317.50,5051.00,19.25
22.30,22.30,22.50,5317.50,5051.00,4786.90,18.27
22.30,22.50,22.80,5051.00,4786.90,4677.00,19.03
22.50,22.80,22.30,4786.90,4677.00,4557.20,19.00
22.80,22.30,22.20,4677.00,4557.20,4441.10,18.65
22.30,22.20,22.30,4557.20,4441.10,4357.30,17.95
22.20,22.30,22.60,4441.10,4357.30,4305.10,17.32
22.30,22.60,23.10,4357.30,4305.10,4274.10,17.53
22.60,23.10,22.90,4305.10,4274.10,4237.70,17.54
23.10,22.90,22.70,4274.10,4237.70,4228.90,17.49
22.90,22.70,22.70,4237.70,4228.90,4250.40,17.51
22.70,22.70,23.10,4228.90,4250.40,4205.60,17.48
22.70,23.10,23.10,4250.40,4205.60,4207.70,16.29
23.10,23.10,23.30,4205.60,4207.70,4291.10,17.80
23.10,23.30,23.20,4207.70,4291.10,4416.30,17.44
23.30,23.20,24.00,4291.10,4416.30,4567.30,17.41
23.20,24.00,23.50,4416.30,4567.30,4726.20,19.59
24.00,23.50,23.80,4567.30,4726.20,4930.30,20.75
23.50,23.80,23.90,4726.20,4930.30,5012.10,21.83
23.80,23.90,24.70,4930.30,5012.10,5111.30,23.29
23.90,24.70,23.90,5012.10,5111.30,5205.90,24.29
24.70,23.90,24.50,5111.30,5205.90,5257.00,22.55
23.90,24.50,24.10,5205.90,5257.00,5282.40,23.01
24.50,24.10,24.80,5257.00,5282.40,5308.20,23.07
24.10,24.80,25.40,5282.40,5308.20,5352.00,22.93
24.80,25.40,25.50,5308.20,5352.00,5315.20,22.31
25.40,25.50,24.10,5352.00,5315.20,5329.80,22.63
25.50,24.10,22.80,5315.20,5329.80,5337.20,22.70
24.10,22.80,22.70,5329.80,5337.20,5330.40,22.87
22.80,22.70,22.70,5337.20,5330.40,5296.10,22.82
22.70,22.70,22.80,5330.40,5296.10,5287.90,22.54
22.70,22.80,22.90,5296.10,5287.90,5289.50,19.67
22.80,22.90,23.00,5287.90,5289.50,4900.30,16.48
22.90,23.00,22.80,5289.50,4900.30,4435.40,17.36
23.00,22.80,22.50,4900.30,4435.40,4480.60,17.78
22.80,22.50,22.30,4435.40,4480.60,4559.30,18.90
22.50,22.30,22.40,4480.60,4559.30,4692.60,18.66
22.30,22.40,22.30,4559.30,4692.60,4705.70,19.16
22.40,22.30,23.10,4692.60,4705.70,4797.30,22.40
22.30,23.10,23.10,4705.70,4797.30,5138.80,25.51
23.10,23.10,23.20,4797.30,5138.80,5361.20,26.43
23.10,23.20,23.40,5138.80,5361.20,5358.50,25.18
23.20,23.40,23.30,5361.20,5358.50,5345.40,26.13
23.40,23.30,23.60,5358.50,5345.40,5333.70,23.52
23.30,23.60,23.70,5345.40,5333.70,5205.80,22.86
23.60,23.70,23.80,5333.70,5205.80,5148.00,21.21
23.70,23.80,23.00,5205.80,5148.00,5073.10,22.40
23.80,23.00,22.20,5148.00,5073.10,5002.40,20.46
23.00,22.20,22.00,5073.10,5002.40,4794.80,19.66
22.20,22.00,22.50,5002.40,4794.80,4589.80,18.89
22.00,22.50,22.30,4794.80,4589.80,4511.50,18.79
22.50,22.30,23.30,4589.80,4511.50,4436.00,17.86
22.30,23.30,23.40,4511.50,4436.00,4321.70,17.44
23.30,23.40,24.00,4436.00,4321.70,4289.50,15.91
23.40,24.00,24.10,4321.70,4289.50,4227.30,15.81
24.00,24.10,24.30,4289.50,4227.30,4203.00,16.53
24.10,24.30,25.10,4227.30,4203.00,4206.80,16.80
24.30,25.10,25.60,4203.00,4206.80,4228.00,17.56
25.10,25.60,26.10,4206.80,4228.00,4290.50,18.17
25.60,26.10,26.80,4228.00,4290.50,4351.60,20.51
26.10,26.80,27.70,4290.50,4351.60,4518.90,24.65
26.80,27.70,28.40,4351.60,4518.90,4833.80,25.46
27.70,28.40,29.50,4518.90,4833.80,5129.40,20.80
28.40,29.50,29.20,4833.80,5129.40,5494.30,24.80
29.50,29.20,29.20,5129.40,5494.30,5818.10,29.63
29.20,29.20,29.20,5494.30,5818.10,6022.60,37.58
29.20,29.80,29.90,6022.60,6193.80,6355.70,32.29
29.80,29.90,29.70,6193.80,6355.70,6333.70,41.93
29.90,29.70,29.80,6355.70,6333.70,6324.90,46.11
29.70,29.80,29.90,6333.70,6324.90,6398.70,35.99
29.80,29.90,29.20,6324.90,6398.70,6430.50,37.44
29.90,29.20,28.50,6398.70,6430.50,6452.50,34.97
29.20,28.50,28.50,6430.50,6452.50,6431.70,36.73
28.50,28.50,27.80,6452.50,6431.70,6417.60,35.82
28.50,27.80,27.50,6431.70,6417.60,6425.00,32.23
27.80,27.50,27.20,6417.60,6425.00,6398.30,32.91
27.50,27.20,27.00,6425.00,6398.30,6376.60,34.23
27.20,27.00,26.70,6398.30,6376.60,6379.80,35.49
27.00,26.70,26.40,6376.60,6379.80,6361.30,36.76
26.70,26.40,26.40,6379.80,6361.30,6336.20,26.92
26.40,26.40,25.70,6361.30,6336.20,6272.50,27.88
26.40,25.70,25.20,6336.20,6272.50,6266.60,24.04
25.70,25.20,24.90,6272.50,6266.60,6175.90,21.26
25.20,24.90,24.70,6266.60,6175.90,6096.00,18.47
24.90,24.70,24.90,6175.90,6096.00,5926.50,19.26
24.70,24.90,24.80,6096.00,5926.50,5950.40,18.71
24.90,24.80,23.80,5926.50,5950.40,6060.10,22.05
24.80,23.80,24.50,5950.40,6060.10,6030.70,22.34
23.80,24.50,23.40,6060.10,6030.70,5843.50,20.12
24.50,23.40,23.00,6030.70,5843.50,5755.20,21.63
23.40,23.00,22.60,5843.50,5755.20,5666.90,19.55
23.00,22.60,22.20,5755.20,5666.90,5539.90,32.45
22.60,22.20,21.80,5666.90,5539.90,5453.50,34.13
22.20,21.80,21.50,5539.90,5453.50,5325.70,37.35
21.80,21.50,21.40,5453.50,5325.70,5276.40,32.38
21.50,21.40,21.20,5325.70,5276.40,5018.90,23.82
21.40,21.20,21.20,5276.40,5018.90,4750.40,21.99
21.20,21.20,20.90,5018.90,4750.40,4616.80,20.47
21.20,20.90,21.10,4750.40,4616.80,4528.90,20.73
20.90,21.10,20.90,4616.80,4528.90,4419.90,18.04
21.10,20.90,21.30,4528.90,4419.90,4349.80,17.98
20.90,21.30,22.00,4419.90,4349.80,4296.20,17.54
21.30,22.00,23.40,4349.80,4296.20,4285.50,17.89
22.00,23.40,25.90,4296.20,4285.50,4280.30,18.12
23.40,25.90,26.20,4285.50,4280.30,4292.00,19.56
25.90,26.20,27.10,4280.30,4292.00,4341.90,24.46
26.20,27.10,28.30,4292.00,4341.90,4426.60,24.78
27.10,28.30,28.40,4341.90,4426.60,4587.50,28.98
28.30,28.40,30.20,4426.60,4587.50,4899.90,31.03
28.40,30.20,30.30,4587.50,4899.90,5168.40,21.41
30.20,30.30,30.50,4899.90,5168.40,5514.80,23.44
30.30,30.50,30.10,5168.40,5514.80,5747.80,30.06
30.50,30.10,30.50,5514.80,5747.80,5980.90,30.50
30.10,30.50,29.90,5747.80,5980.90,6170.30,28.72
30.50,29.90,30.00,5980.90,6170.30,6184.80,32.04
29.90,30.00,30.20,6170.30,6184.80,6231.60,30.28
30.00,30.20,30.50,6184.80,6231.60,6205.10,31.78
30.20,30.50,30.10,6231.60,6205.10,6212.80,35.21
30.10,30.40,30.40,6212.80,6267.10,6328.60,43.99
30.40,30.40,29.50,6267.10,6328.60,6320.20,37.53
30.40,29.50,29.10,6328.60,6320.20,6308.20,38.87
29.50,29.10,28.90,6320.20,6308.20,6335.90,36.76
29.10,28.90,27.90,6308.20,6335.90,6363.30,35.20
28.90,27.90,27.40,6335.90,6363.30,6328.70,43.88
25.90,24.60,25.00,6203.10,6209.10,6050.10,25.50
24.60,25.00,24.00,6209.10,6050.10,5922.60,22.47
25.00,24.00,24.50,6050.10,5922.60,5794.50,25.13
24.00,24.50,24.40,5922.60,5794.50,5781.80,25.28
24.50,24.40,24.00,5794.50,5781.80,5882.30,23.91
24.40,24.00,23.30,5781.80,5882.30,5940.20,21.40
24.00,23.30,23.20,5882.30,5940.20,5908.20,22.10
23.30,23.20,23.10,5940.20,5908.20,5821.70,22.43
23.20,23.10,22.60,5908.20,5821.70,5695.10,21.42
23.10,22.60,22.40,5821.70,5695.10,5568.30,31.84
22.60,22.40,22.00,5695.10,5568.30,5431.50,31.91
22.40,22.00,21.90,5568.30,5431.50,5292.80,37.22
22.00,21.90,21.50,5431.50,5292.80,5272.60,34.13
21.90,21.50,21.50,5292.80,5272.60,5018.80,24.46
21.50,21.50,21.70,5272.60,5018.80,4748.20,22.53
21.50,21.70,21.40,5018.80,4748.20,4640.30,24.70
21.70,21.40,21.00,4748.20,4640.30,4516.80,22.09
21.40,21.00,21.50,4640.30,4516.80,4437.70,20.44
21.00,21.50,21.40,4516.80,4437.70,4360.60,19.19
21.50,21.40,22.70,4437.70,4360.60,4352.50,18.24
21.40,22.70,24.50,4360.60,4352.50,4260.10,18.46
22.70,24.50,25.40,4352.50,4260.10,4272.90,18.53
24.50,25.40,26.90,4260.10,4272.90,4306.10,18.75
25.40,26.90,27.60,4272.90,4306.10,4337.00,25.10
26.90,27.60,28.60,4306.10,4337.00,4449.30,26.01
27.60,28.60,28.80,4337.00,4449.30,4584.00,30.60
28.60,28.80,29.10,4449.30,4584.00,4887.40,34.06
28.80,29.10,30.10,4584.00,4887.40,5160.80,20.80
29.10,30.10,30.70,4887.40,5160.80,5453.30,23.52
30.10,30.70,31.00,5160.80,5453.30,5746.60,28.87
30.70,31.00,30.30,5453.30,5746.60,5971.60,32.21
31.00,30.30,30.80,5746.60,5971.60,6080.30,33.93
30.30,30.80,31.30,5971.60,6080.30,6147.50,37.09
30.80,31.30,32.00,6080.30,6147.50,6172.40,37.09
31.30,32.00,31.20,6147.50,6172.40,6181.90,41.21
32.00,31.20,31.40,6172.40,6181.90,6225.80,37.70
31.20,31.40,30.50,6181.90,6225.80,6251.70,34.30
31.40,30.50,30.20,6225.80,6251.70,6312.20,33.83
30.50,30.20,29.50,6251.70,6312.20,6292.60,35.01
30.20,29.50,29.60,6312.20,6292.60,6301.00,35.09
29.50,29.60,28.90,6292.60,6301.00,6340.90,30.63
29.60,28.90,28.40,6301.00,6340.90,6309.70,30.33
28.90,28.40,28.00,6340.90,6309.70,6278.60,36.08
28.40,28.00,27.60,6309.70,6278.60,6277.90,33.58
28.00,27.60,27.30,6278.60,6277.90,6230.70,31.29
27.60,27.30,27.00,6277.90,6230.70,6178.70,31.65
27.30,27.00,26.80,6230.70,6178.70,6112.80,41.73
27.00,26.80,26.20,6178.70,6112.80,6183.10,39.71
26.80,26.20,25.60,6112.80,6183.10,6157.50,26.00
26.20,25.60,25.20,6183.10,6157.50,6044.50,19.38
25.60,25.20,25.30,6157.50,6044.50,5847.70,20.46
25.20,25.30,24.90,6044.50,5847.70,5829.30,19.54
25.30,24.90,25.20,5847.70,5829.30,5867.10,20.13
24.90,25.20,25.30,5829.30,5867.10,5773.00,19.14
25.20,25.30,23.80,5867.10,5773.00,5622.40,20.01
25.30,23.80,24.30,5773.00,5622.40,5544.00,20.26
23.80,24.30,24.10,5622.40,5544.00,5417.10,18.78
24.30,24.10,23.90,5544.00,5417.10,5277.80,31.11
24.10,23.90,24.20,5417.10,5277.80,5298.60,26.72
23.90,24.20,24.40,5277.80,5298.60,5191.70,33.77
24.20,24.40,23.50,5298.60,5191.70,5201.60,25.82
24.40,23.50,23.50,5191.70,5201.60,4932.40,22.52
23.50,23.50,24.20,5201.60,4932.40,4692.50,19.35
23.50,24.20,23.50,4932.40,4692.50,4534.90,18.69
24.20,23.50,23.70,4692.50,4534.90,4419.50,18.35
23.50,23.70,24.40,4534.90,4419.50,4319.40,17.77
23.70,24.40,24.70,4419.50,4319.40,4265.10,17.76
24.40,24.70,24.40,4319.40,4265.10,4191.90,17.73
24.70,24.40,26.10,4265.10,4191.90,4206.00,17.81
24.40,26.10,27.40,4191.90,4206.00,4214.90,17.26
26.10,27.40,28.40,4206.00,4214.90,4201.00,17.52
27.40,28.40,29.30,4214.90,4201.00,4244.20,20.79
28.40,29.30,29.80,4201.00,4244.20,4369.70,23.39
29.30,29.80,30.80,4244.20,4369.70,4503.80,25.75
29.80,30.80,30.60,4369.70,4503.80,4799.10,29.51
30.80,30.60,30.90,4503.80,4799.10,5078.10,20.20
30.60,30.90,30.40,4799.10,5078.10,5433.90,23.01
30.90,30.40,30.40,5078.10,5433.90,5667.30,24.40
30.40,30.40,30.40,5433.90,5667.30,5869.90,28.70
30.40,30.40,30.30,5667.30,5869.90,6021.20,28.70
30.40,30.30,30.50,5869.90,6021.20,6070.90,33.49
30.30,30.50,30.30,6021.20,6070.90,6127.20,27.13
30.50,30.30,30.20,6070.90,6127.20,6112.90,28.22
30.30,30.20,29.60,6127.20,6112.90,6134.90,32.03
30.20,29.60,28.60,6112.90,6134.90,6142.80,31.01
29.60,28.60,29.10,6134.90,6142.80,6157.30,28.87
28.60,29.10,28.40,6142.80,6157.30,6142.90,28.17
29.10,28.40,28.20,6157.30,6142.90,6108.20,26.65
28.40,28.20,25.60,6142.90,6108.20,6106.80,27.42
28.20,25.60,25.50,6108.20,6106.80,6130.30,25.31
25.60,25.50,24.90,6106.80,6130.30,6073.90,25.10
25.50,24.90,25.20,6130.30,6073.90,6041.00,24.94
24.90,25.20,25.60,6073.90,6041.00,6040.60,23.93
25.20,25.60,25.40,6041.00,6040.60,5994.70,21.04
25.60,25.40,25.60,6040.60,5994.70,5980.40,21.67
25.40,25.60,25.90,5994.70,5980.40,5965.10,19.62
25.60,25.90,25.90,5980.40,5965.10,5884.50,19.79
25.90,25.90,25.40,5965.10,5884.50,5898.60,18.42
25.90,25.40,25.30,5884.50,5898.60,5783.10,19.56
25.40,25.30,25.50,5898.60,5783.10,5800.40,19.39
25.30,25.50,25.60,5783.10,5800.40,5907.30,20.03
25.50,25.60,25.60,5800.40,5907.30,5874.70,18.66
25.60,25.60,25.00,5907.30,5874.70,5734.40,18.78
25.60,25.00,25.10,5874.70,5734.40,5606.70,18.73
25.00,25.10,25.30,5734.40,5606.70,5489.50,17.66
25.10,25.30,25.20,5606.70,5489.50,5340.60,28.35
25.30,25.20,25.20,5489.50,5340.60,5241.00,24.56
25.20,25.20,25.60,5340.60,5241.00,5108.90,26.97
25.20,25.60,25.10,5241.00,5108.90,5095.60,24.32
25.60,25.10,25.20,5108.90,5095.60,4865.60,20.43
25.10,25.20,25.00,5095.60,4865.60,4598.90,19.36
25.20,25.00,25.30,4865.60,4598.90,4517.00,18.96
25.00,25.30,25.50,4598.90,4517.00,4368.90,17.50
25.30,25.50,25.60,4517.00,4368.90,4212.90,15.78
25.50,25.60,26.30,4368.90,4212.90,4131.30,14.75
25.60,26.30,26.90,4212.90,4131.30,4105.30,14.56
26.30,26.90,27.00,4131.30,4105.30,4075.50,14.39
26.90,27.00,28.50,4105.30,4075.50,4050.20,15.32
27.00,28.50,30.30,4075.50,4050.20,4099.30,15.64
28.50,30.30,29.50,4050.20,4099.30,4136.40,17.98
30.30,29.50,30.50,4099.30,4136.40,4230.70,18.10
29.50,30.50,30.30,4136.40,4230.70,4385.10,21.86
30.50,30.30,30.60,4230.70,4385.10,4704.90,21.42
30.30,30.60,30.90,4385.10,4704.90,4982.00,19.61
30.60,30.90,31.80,4704.90,4982.00,5323.30,20.64
30.90,31.80,30.30,4982.00,5323.30,5607.60,23.80
31.80,30.30,29.50,5323.30,5607.60,5826.60,24.26
30.30,29.50,30.00,5607.60,5826.60,5913.70,24.79
29.50,30.00,29.70,5826.60,5913.70,6020.20,24.85
30.00,29.70,28.90,5913.70,6020.20,5990.50,24.88
29.70,28.90,28.60,6020.20,5990.50,6010.00,25.10
28.90,28.60,28.80,5990.50,6010.00,5981.00,25.10
28.60,28.80,28.40,6010.00,5981.00,6028.30,32.58
28.80,28.40,28.20,5981.00,6028.30,6044.40,27.86
28.40,28.20,28.20,6028.30,6044.40,6037.20,29.12
28.20,28.20,28.20,6044.40,6037.20,6009.50,29.59
28.20,28.20,27.70,6037.20,6009.50,5983.20,30.24
28.20,27.70,27.60,6009.50,5983.20,6019.90,27.32
27.70,27.60,27.30,5983.20,6019.90,6012.20,26.67
27.60,27.30,27.10,6019.90,6012.20,6000.80,25.44
27.30,27.10,27.00,6012.20,6000.80,5966.40,30.91
27.10,27.00,26.30,6000.80,5966.40,5918.30,23.36
27.00,26.30,26.40,5966.40,5918.30,5882.10,23.19
26.30,26.40,26.30,5918.30,5882.10,5867.50,19.82
26.40,26.30,26.30,5882.10,5867.50,5762.30,19.25
26.30,26.30,26.20,5867.50,5762.30,5637.00,18.17
26.30,26.20,26.10,5762.30,5637.00,5491.70,18.12
26.20,26.10,25.80,5637.00,5491.70,5508.30,18.20
26.10,25.80,25.90,5491.70,5508.30,5596.60,19.25
25.80,25.90,25.50,5508.30,5596.60,5603.50,18.42
25.90,25.50,25.50,5596.60,5603.50,5466.70,17.91
25.50,25.50,25.80,5603.50,5466.70,5349.10,18.01
25.50,25.80,25.60,5466.70,5349.10,5292.50,17.62
25.80,25.60,25.30,5349.10,5292.50,5155.40,27.56
25.60,25.30,25.60,5292.50,5155.40,5156.10,25.31
25.30,25.60,25.50,5155.40,5156.10,5068.70,28.15
25.60,25.50,25.20,5156.10,5068.70,5071.60,24.46
25.50,25.20,25.40,5068.70,5071.60,4831.30,20.78
25.20,25.40,25.60,5071.60,4831.30,4565.90,17.93
25.40,25.60,25.50,4831.30,4565.90,4391.00,17.55
25.60,25.50,25.60,4565.90,4391.00,4278.90,16.88
25.50,25.60,26.60,4391.00,4278.90,4153.90,15.26
25.60,26.60,27.10,4278.90,4153.90,4068.00,15.41
26.60,27.10,27.70,4153.90,4068.00,4024.90,15.91
27.10,27.70,28.60,4068.00,4024.90,3995.80,15.66
27.70,28.60,29.00,4024.90,3995.80,3981.80,15.57
28.60,29.00,30.00,3995.80,3981.80,3996.40,14.68
29.00,30.00,30.00,3981.80,3996.40,4031.90,16.33
30.00,30.00,30.20,3996.40,4031.90,4050.50,17.05
30.00,30.20,30.80,4031.90,4050.50,4066.30,17.12
30.20,30.80,30.90,4050.50,4066.30,4190.20,20.26
30.80,30.90,31.40,4066.30,4190.20,4433.00,22.37
30.90,31.40,31.00,4190.20,4433.00,4664.90,30.37
31.40,31.00,30.90,4433.00,4664.90,4858.30,46.65
30.80,30.90,30.80,5107.00,5220.70,5350.00,51.63
30.90,30.80,30.80,5220.70,5350.00,5350.50,50.71
28.80,28.00,27.70,5257.30,5229.20,5168.10,48.87
28.00,27.70,27.10,5229.20,5168.10,5210.30,47.41
27.70,27.10,26.60,5168.10,5210.30,5174.30,45.06
27.10,26.60,26.80,5210.30,5174.30,5149.60,46.21
26.60,26.80,27.10,5174.30,5149.60,5151.00,46.76
26.80,27.10,26.90,5149.60,5151.00,5180.20,41.75
27.10,26.90,26.90,5151.00,5180.20,5158.30,40.38
26.90,26.90,26.50,5180.20,5158.30,5188.70,41.05
26.90,26.50,26.00,5158.30,5188.70,5186.50,33.04
26.50,26.00,26.30,5188.70,5186.50,5184.80,27.57
26.00,26.30,26.00,5186.50,5184.80,5167.90,25.80
26.30,26.00,26.10,5184.80,5167.90,5235.40,29.55
26.00,26.10,26.00,5167.90,5235.40,5326.20,33.59
26.10,26.00,25.80,5235.40,5326.20,5331.60,44.87
26.00,25.80,25.80,5326.20,5331.60,5217.40,36.36
25.80,25.80,25.90,5331.60,5217.40,5080.00,34.10
25.80,25.90,26.20,5217.40,5080.00,5028.00,24.68
25.90,26.20,25.80,5080.00,5028.00,4934.80,25.95
26.20,25.80,25.40,5028.00,4934.80,4859.60,24.70
25.80,25.40,25.40,4934.80,4859.60,4814.10,28.37
25.40,25.40,25.10,4859.60,4814.10,4809.90,22.93
25.40,25.10,24.80,4814.10,4809.90,4619.10,20.88
25.10,24.80,24.60,4809.90,4619.10,4412.60,18.42
24.80,24.60,24.70,4619.10,4412.60,4264.20,18.60
24.60,24.70,25.50,4412.60,4264.20,4148.30,15.73
24.70,25.50,26.10,4264.20,4148.30,3974.80,14.69
25.50,26.10,26.40,4148.30,3974.80,3894.30,14.90
26.10,26.40,27.60,3974.80,3894.30,3849.00,15.08
26.40,27.60,28.20,3894.30,3849.00,3813.90,14.79
27.60,28.20,29.10,3849.00,3813.90,3813.80,14.85
28.20,29.10,28.50,3813.90,3813.80,3815.70,14.99
29.10,28.50,29.30,3813.80,3815.70,3816.20,14.97
28.50,29.30,29.30,3815.70,3816.20,3807.60,14.58
29.30,29.30,29.50,3816.20,3807.60,3833.10,15.54
29.30,29.50,29.80,3807.60,3833.10,3926.50,15.11
29.50,29.80,29.50,3833.10,3926.50,4079.70,16.26
29.80,29.50,29.70,3926.50,4079.70,4245.80,18.66
29.50,29.70,30.10,4079.70,4245.80,4463.40,19.74
29.70,30.10,29.90,4245.80,4463.40,4649.60,22.23
30.10,29.90,29.20,4463.40,4649.60,4775.60,29.20
29.90,29.20,29.40,4649.60,4775.60,4897.40,37.75
29.20,29.40,29.70,4775.60,4897.40,4985.20,35.70
29.40,29.70,29.60,4897.40,4985.20,5004.50,35.51
29.70,29.60,29.20,4985.20,5004.50,4999.50,44.03
29.60,29.20,29.00,5004.50,4999.50,5036.10,42.80
29.20,29.00,28.60,4999.50,5036.10,5029.20,48.23
29.00,28.60,28.10,5036.10,5029.20,5045.20,48.48
28.60,28.10,27.30,5029.20,5045.20,5038.60,48.47
28.10,27.30,26.70,5045.20,5038.60,5043.30,45.33
27.30,26.70,26.00,5038.60,5043.30,4986.00,41.93
26.70,26.00,26.10,5043.30,4986.00,5002.50,41.64
26.00,26.10,25.70,4986.00,5002.50,4996.40,38.25
26.10,25.70,25.50,5002.50,4996.40,4976.70,36.48
25.70,25.50,25.40,4996.40,4976.70,4997.40,35.65
25.50,25.40,25.30,4976.70,4997.40,4997.10,35.89
25.40,25.30,25.10,4997.40,4997.10,5047.40,34.40
25.30,25.10,25.30,4997.10,5047.40,5115.70,30.48
25.10,25.30,24.00,5047.40,5115.70,5178.70,30.38
25.30,24.00,24.10,5115.70,5178.70,5180.40,27.62
24.00,24.10,24.00,5178.70,5180.40,5276.30,35.56
24.10,24.00,24.60,5180.40,5276.30,5443.20,39.55
24.00,24.60,24.40,5276.30,5443.20,5479.10,35.55
24.60,24.40,24.10,5443.20,5479.10,5324.30,31.13
24.40,24.10,24.00,5479.10,5324.30,5180.90,30.51
24.10,24.00,23.70,5324.30,5180.90,5114.80,24.35
24.00,23.70,23.10,5180.90,5114.80,4992.50,23.07
23.70,23.10,23.00,5114.80,4992.50,4916.80,21.53
23.10,23.00,22.90,4992.50,4916.80,4848.00,22.95
